-5.626411637541139238e-02,8.660435270679567310e-02,1.020275645055699482e-02,-1.877646160341520619e-03,2.318424273592242443e-02,2.961184314852991981e-02,6.247783092554669987e-02,3.973237742103323533e-02,2.825526215272616652e-03,-7.787944579941338819e-02
4.618970870567945530e-02,1.050974743012646762e-01,-1.341038069381206010e-01,6.644595992938470697e-02,-8.042775459292046680e-02,2.515464556679123873e-02,1.381015071159457097e-01,-1.154824412098666431e-01,-5.917337012995061568e-03,4.492160984833636767e-03
9.606716043963813012e-02,-6.966041001672369781e-02,-9.774355549236019014e-02,4.952955634218699638e-02,-7.645637979004583917e-02,-8.434250482215635558e-02,1.002892684061335582e-01,8.220931174189322066e-02,4.953196745447519672e-02,-2.186645300635142036e-02
3.154895511398377733e-02,-5.168283404393844011e-02,-3.377918128273655306e-03,-4.494374847036085134e-03,-6.170546557626443995e-02,-2.606678472204952343e-02,3.799333960707269170e-02,-7.935554255982180810e-03,1.032937836624398496e-02,1.013011286695640750e-01
-2.296131627417101126e-02,7.065324203841832906e-02,-2.559696785122711482e-02,2.652299051429424931e-02,-2.059537513546394125e-02,-6.505960366059504452e-02,8.707605920877841202e-03,-1.975243035455619481e-02,2.627649796601240831e-03,-3.522234326728562043e-02
5.761908607407453115e-02,-1.446597740491427087e-01,4.962844383809311699e-03,-5.122680349605762684e-02,6.391062707730969794e-02,8.098220245252087677e-04,4.379171232558595056e-02,-1.708097821925790849e-01,3.681728892578676332e-03,-2.493300193196620190e-02
-7.017089255110389723e-02,-1.105490482967208810e-01,-1.380079156150299143e-02,2.135858183747379319e-02,-4.136059013977303606e-02,-3.694973537253231494e-02,2.021025816029361002e-02,-7.247134057822234021e-02,1.017009594748005501e-02,2.118081371391989376e-01
-2.600394078697380179e-02,-1.801231177719242460e-01,4.526077185470211289e-02,-5.794461526377344546e-02,1.577443129968992067e-02,8.654250210710784375e-02,-1.440765869409888107e-02,-4.326622239391629543e-02,-4.425749058793451013e-02,-6.911820842569238454e-02
6.694187171150667304e-02,-5.446003065234927831e-02,1.945716559232483350e-02,5.589102562710922956e-02,7.545712433350920678e-03,-2.980801598603006509e-03,7.584334612104089504e-03,-6.722656080783781518e-02,1.015815908670416323e-01,5.045849348978332510e-02
-2.519501623880559746e-02,5.352363294261813093e-02,1.217176260291013695e-01,-3.388647790022038080e-03,-4.958331134933006978e-02,5.728967536788261150e-02,1.151291002910705130e-01,-7.979007979879451651e-02,2.464800283431647573e-02,-1.178984052152481643e-01
-5.523586645238162673e-02,1.291380407254014151e-01,-6.526602792736932446e-02,-1.293319602472731145e-01,1.560849691432721585e-02,-4.988769373300631915e-02,3.348137628928809367e-02,8.928869673330527834e-02,1.318678382772083546e-01,-4.770937839347758752e-02
-1.506756677245472131e-01,1.917868607753566920e-02,-6.021678268552051183e-02,-2.375374635687555955e-02,4.157059556888487162e-02,-5.538399084311664000e-02,-1.078233214422203989e-01,1.740304156743281011e-02,9.769072148412735399e-03,1.000871795072119842e-04
7.666935118512897829e-02,-1.065061095335432528e-01,-5.722409033807174640e-04,3.648077175258614916e-03,-2.574512770426464273e-02,-1.059071954883993860e-01,-5.773256661310230409e-02,-1.640552365519446776e-01,-3.016939407955467403e-02,1.437250085640046603e-02
1.570257715282274286e-02,5.431379462293123295e-02,-1.577773941065092542e-02,6.227790026772177939e-02,2.058799158967467013e-02,-9.212810511023512838e-02,1.088002236541570078e-01,-6.604462890283091525e-02,-3.228804475193940843e-02,6.310454645188333378e-02
9.899568444298986747e-02,-2.551335089181708954e-02,-9.139819004275470671e-02,7.133962223760018095e-02,-2.343728619583652084e-01,-7.717551588716192734e-02,-6.939218087993759276e-02,-1.857160402994971760e-01,-3.658324426623318915e-02,2.023737391363706478e-02
1.592044318804644240e-02,-7.349571225171910860e-02,5.133832171776620684e-02,6.801691823352455646e-02,4.113374593265580609e-02,-1.221387323843558942e-01,1.501035720552642005e-01,2.087141082312584869e-02,5.124365163389014988e-02,2.916866320100367990e-02
1.822896944391268551e-02,-1.977244711877984285e-01,1.475152150808629534e-02,-4.494806517522809824e-02,-3.274926634928989472e-02,2.011485904346380083e-02,1.091574149578938141e-01,-4.688673501807951068e-03,9.844343627787065232e-02,8.776992766524979728e-03
1.027454529708251782e-02,-6.688984363068899153e-02,-1.477739489404962005e-02,-1.143645067664216452e-03,3.055324102273133599e-02,-4.145999262473629154e-02,2.840231239873049901e-02,-4.521918432966497148e-02,1.454300279982517416e-02,2.004352827500109277e-02
1.271504384866493087e-01,-7.790083439187546477e-02,4.400216197134700080e-02,-3.128679414774331036e-02,3.216752389066991624e-02,2.103232978508058071e-01,6.515955742066212308e-02,1.109170971524348487e-01,3.198831555426022433e-02,6.191863999972704175e-02
3.941307063245710202e-02,4.447355420482242833e-03,3.515903411430931769e-02,-3.288962196485901296e-02,-1.029042065616684112e-02,-2.489515236924882968e-01,-1.448808739595152696e-02,1.802949530576707093e-02,-2.633969711434515013e-02,-2.109054791409651491e-02
-4.724607967375749756e-02,-1.016944308086283610e-01,-4.508924966241131815e-02,-9.848754118901644969e-03,-7.189959159860068172e-02,3.454778574756463272e-02,4.357494790557449316e-02,-5.005987294453868863e-02,-4.284768590262180710e-02,7.854685022245280757e-02
7.816946185243628387e-02,2.713734574921402784e-03,-6.005705802510821756e-03,2.371404902514386709e-03,4.429485831596396278e-02,2.131166591376984151e-02,5.245017661671182857e-02,-5.713544456251493098e-02,4.266498650472844850e-02,6.273798723123555354e-02
-7.862976932590594326e-02,4.035474299801654341e-02,-9.388693794512978363e-02,9.375757903329917653e-02,1.885096488012246579e-02,8.323019828174561124e-03,1.239402384695721324e-02,2.125949576954149281e-02,1.338129430876102144e-01,4.648954845693847177e-02
9.248101673370230993e-03,-6.358808543144763015e-02,6.686902181584190863e-02,3.596601444946093823e-02,1.675060480503205024e-02,-3.493580646136545953e-02,1.611741952146180656e-01,-1.636048932630305985e-02,7.459811234667811097e-02,-3.656125119052902606e-02
-3.278425130156198061e-03,-8.283129210964558509e-02,-3.916559112708607043e-02,5.042822014460499394e-03,-1.213819096030284705e-01,-8.484808519995251652e-03,7.540865066680840778e-02,-3.956909921226741539e-02,-2.800669859848434542e-02,-1.913004508325322900e-02
-1.017955118694767597e-01,5.353177328314773220e-02,1.895594258618421221e-02,-1.791277073035426465e-02,-4.120605709462878824e-02,-3.228894124653705622e-02,8.118563443978034366e-02,3.681965841768838898e-02,-9.291457473226155672e-02,-1.409907339885599353e-01
-3.266651133704068406e-03,-9.735121537454249907e-02,2.295600397452469271e-02,3.760336699037918756e-02,5.121750012621314324e-02,9.745013327208505716e-02,-6.014866845731284273e-02,5.947442802795686878e-02,5.436715809942919281e-02,-1.105655575450377043e-01
-6.856209893713290093e-02,1.514866901022613455e-01,1.269347862365444168e-01,2.459148949067599746e-02,-1.057559818355341755e-02,4.768453264422035931e-02,-9.844177336561239777e-02,5.848596282620163039e-02,1.251317130862997229e-01,1.129566422880362020e-01
-1.194017289047890756e-01,9.871091808226233055e-02,8.573226294964472749e-02,-1.271198555911959016e-01,-9.272854799476332177e-02,-7.239981199876115159e-02,1.356470329581459591e-03,-6.830045928093052277e-02,-1.021558972790118612e-02,6.582075091992460603e-02
-1.410560002651956302e-01,8.578574352768970901e-02,4.626707013076897940e-03,-2.185028521907001007e-03,-1.779726544234311314e-02,5.221185186807514311e-02,2.110160888215982869e-02,-1.168172656354966865e-01,1.099155416243068409e-02,4.662603675149962906e-02
-3.428268566356651448e-02,7.439754113889052167e-02,-6.859506132158504910e-02,2.981214732950403928e-02,1.372479855969125362e-01,-7.731644575237616411e-03,8.667660795486435699e-02,2.467231201613749939e-02,6.283533933013549233e-02,2.810149829074674172e-02
8.140416310786607532e-03,1.026626748829675834e-01,7.561845766442068517e-02,8.395855999128110569e-04,-1.343911722139352061e-01,-7.184946901737206126e-02,-1.769816478375631913e-02,-7.051518750787236743e-03,-5.878556916831727264e-02,-9.438346906464473163e-02
-3.591141679348380800e-02,9.759056297646333256e-02,8.467927474410319455e-02,-4.750679441104486977e-02,-1.340050334460545986e-02,-1.010398611007362890e-01,3.540143359111678264e-03,3.437726866007530940e-02,4.132461278787585152e-02,2.767239954492392920e-02
-1.750590560172449531e-02,3.331644033067406030e-02,-2.112656530992410367e-02,-1.067836075172433896e-01,9.249561586608836053e-03,2.083474511413970724e-03,-5.519133690792883684e-03,-1.089578191445270648e-02,-6.716802172639851909e-02,3.261696533729839531e-02
-8.424246561091301710e-02,1.348735459961595239e-02,2.609227506411986378e-02,5.788934088196378419e-02,-8.146477057462077342e-02,-2.654972288351246240e-02,1.073934753527458208e-01,8.374950034594615123e-02,-7.879058596513770218e-02,-1.258595133544848366e-01
-1.582016627555926924e-01,1.208990908486027166e-01,-5.720856069312896947e-02,8.708990742153152609e-02,6.807776548335023326e-02,-3.114415803906487451e-02,8.304213983998336157e-02,-2.370444192564022390e-02,6.109817619438414596e-05,9.862888466741835669e-02
-4.853057890251142453e-02,3.215197272020266922e-02,-1.887890781983222327e-02,1.111414744418717376e-01,8.967679790343986712e-02,1.763827624901283531e-01,-4.641497372127852822e-02,7.709623168917656422e-02,-1.347134408395843086e-01,-2.231489882585998424e-02
-8.254129170487782552e-03,1.731321224011141829e-02,2.613973881255523060e-02,7.755751450910586264e-02,2.973049434201559260e-02,-2.180384697603272165e-02,-1.856035754162733281e-02,-4.080072075324465974e-02,-3.903924049838908977e-02,3.391219936039926303e-02
-8.817780852707809980e-02,8.198967217330155322e-02,3.589252310457888978e-02,-1.609261613100112787e-01,-6.726862352008165791e-02,-3.588248882764413089e-02,-1.650285895374535225e-02,1.169001559017353448e-01,4.767702935874348902e-03,4.777099723921775926e-02
-6.248658947821454646e-02,1.282511924904604361e-01,-3.112568407271063681e-02,-1.500767399102496784e-02,2.650719544917857357e-02,-6.253436522794665609e-02,-1.283913712368309548e-02,5.868824163819740675e-02,-3.428822073880614940e-02,1.437074321278744744e-02
-1.275603125585811001e-02,-1.572151793522702512e-02,3.529274824795985976e-02,4.764461215197645511e-02,2.492303995524789741e-03,6.191649469842170489e-02,-7.289251942904705073e-02,2.317048330081909746e-02,-5.126258420105121727e-02,-4.609877172344881840e-02
-1.556050603443315250e-01,3.514297386753913871e-02,-1.301408984437949223e-01,6.154981229820773170e-02,5.266169832744668072e-02,-2.922489957952725120e-02,-1.496287954093301550e-03,9.177548361249761311e-02,-5.230780404057211452e-02,-1.320324200271015269e-01
-5.767872168391292853e-02,-8.947975363386963255e-02,-8.856442976128157951e-02,-5.070602463754576850e-02,4.852223918024788085e-02,1.169825166718899481e-02,-9.529328450147388219e-02,2.431809639238391094e-02,-1.049841688761911640e-01,1.536747425377377532e-02
-8.586512669383388266e-03,-3.191867612114060448e-02,-3.760543278569613429e-02,1.042631565094990498e-01,-9.303553081292413596e-02,-2.036958768914396288e-05,-5.325401936437595962e-02,-8.702147264158824336e-02,8.091056267573658659e-03,1.030130800711396843e-01
-1.945902413247078411e-01,-7.069517890605683808e-02,8.636362383929727105e-02,1.208340133208601064e-01,2.920960078117781217e-02,-4.742176116999010163e-03,-8.045860340358174101e-03,-3.053831286801509878e-02,-2.015907444887219194e-02,-6.839241319765032578e-02
4.089575008587600057e-03,9.142273766922084932e-02,-1.580647606373418099e-02,-2.242738463044276903e-02,-5.426183439610685055e-02,4.719722574632628093e-02,3.402441826395306845e-02,-1.111196543037141632e-01,-1.490149535482948248e-02,-9.492463839731458660e-04
6.764623152514438742e-02,-6.571018190574409723e-02,2.395998303097673574e-02,-4.399949317394344361e-02,6.213558037938295142e-02,-4.335622627170847287e-02,8.747031702963312116e-02,1.526184042776151592e-02,-3.603203830326667800e-03,5.951940155785705872e-02
-8.985490238221956194e-02,-1.148180512918132723e-01,2.683762875535844472e-02,-1.074415723945617712e-01,-2.040339931022288472e-02,4.434889530000003799e-02,3.716850216036522020e-02,9.096730276003299476e-02,9.426997433382949820e-02,6.349125505869261665e-02
-6.097087696601639385e-03,1.823790715777922136e-02,3.310276498465559297e-02,9.982039004190250420e-02,-1.329585096130627905e-02,7.088308163657372485e-02,-7.739512309218887776e-02,-5.025519595327052752e-02,-2.119309406251896136e-02,-2.487397151913465013e-03
7.138678006420093314e-02,2.115467766933431962e-04,9.315249061969581301e-02,-9.368813522626754514e-03,5.920961693765706101e-03,6.384868220542540274e-02,4.534480165918741874e-03,1.014344746138939185e-01,-2.450308856831931101e-02,-8.695570491853939210e-02
9.188326915719310928e-02,1.821141290081625952e-01,-3.277273060599116255e-03,9.545316602278634821e-03,-1.099360055403535708e-01,-2.035232757485815405e-02,1.738164676419137467e-01,-5.086500602031179818e-02,4.056095631001835865e-03,-3.737264460709905506e-02
-6.341327383396039297e-02,-6.121085673052802101e-02,8.226115512209138114e-02,-9.073756798055490624e-02,-1.164495162096387537e-01,-8.657161931575628466e-02,-5.098183509222199705e-02,-4.953696433347016398e-02,4.768281174573387599e-02,5.583462302971387708e-02
-1.450240762759644197e-01,6.675122120085696942e-02,1.237406071956410614e-01,5.255145470458951612e-02,1.216541205975171375e-01,-7.663339712648221946e-02,-1.844289303011901679e-02,-1.929728935418175972e-01,-1.108708271720815382e-02,-3.720813260190155430e-02
8.799684742978218510e-02,1.735511751054618496e-02,5.965314579786866467e-02,-8.409103038003055974e-02,9.123491988913792067e-03,-3.970681394208496612e-02,-2.523087738110012246e-02,4.801675498213555521e-02,1.166227788675597704e-01,1.264301714195601445e-01
-3.009892507179318111e-02,3.500229652931032692e-02,-3.086038142745273563e-02,9.792759033673847924e-02,-3.703919784373875534e-02,-3.395274866843199513e-02,1.435057798313967292e-01,-1.253456017861786509e-01,1.071619171817089419e-02,1.199767749319113480e-01
-6.422248051807788460e-02,-2.787208774148092205e-02,-8.832276072479208762e-02,2.131554698151815266e-02,3.284559058942986606e-03,8.480302436634616636e-02,6.316078788891472257e-03,-2.726167092825950225e-02,-1.007779072510122664e-01,-1.013295961097378656e-01
-2.428655196389407564e-02,1.250529176724433367e-01,3.480366639073225604e-02,-2.691855765119652646e-02,2.339514612912465749e-02,-5.200078942391010185e-04,-5.915922263238497514e-02,1.638362567272200546e-02,-5.684936996963073363e-02,2.406013330983090490e-02
-8.993910893430231415e-04,1.016450046679771985e-01,5.112197846867714418e-02,-9.728492763169177548e-02,-2.556264434905768101e-02,3.974854749887372224e-02,3.256212294560929116e-02,1.616685603915997372e-03,-1.148804660530191278e-02,6.915759217694418537e-02
5.860064744187578473e-02,8.953052305497546937e-02,5.728427377134704540e-02,-5.916925006462982889e-02,4.374602790658693036e-02,-4.275432954418042879e-03,5.348702623517818944e-02,9.534156650002474642e-02,-5.955329323050041063e-02,-4.795266022913712706e-02
3.879204750465631291e-02,1.073039764261942836e-01,-1.431731050661723750e-02,4.189669364280387831e-02,4.608799715273713751e-03,-4.484008781394803467e-02,1.811045936706194223e-02,-1.322823064739345744e-01,1.146624066591638152e-01,-3.471566451837277550e-02
2.669149793310535146e-02,3.908330915311780153e-03,6.082977840366270844e-02,7.448809821480212312e-02,-4.398099536179865543e-02,1.452590352960428377e-01,7.451908365899298503e-02,1.824989191150836604e-02,-3.417605982760051758e-02,5.491924663331052003e-02
4.449536433007944547e-02,-5.312288041437562836e-02,5.970310266707998248e-02,-1.027580851828488462e-02,-2.678699258774062605e-02,3.220376785484468929e-02,1.159272377546255034e-01,-7.691783539958196858e-02,4.511096231948102248e-02,-8.716461295182156843e-02
-9.122085158383969397e-03,3.952616444923520711e-02,6.627008536908876590e-02,-1.490910929025640250e-02,1.850681724757869892e-02,9.968762320463607843e-03,-5.929558317284133739e-02,-5.846663603119142683e-02,1.584736856855360407e-02,-6.864879034349984088e-02
4.140344257062152783e-02,-1.275565371378147295e-01,-8.805895252595011963e-03,-1.333722777380843584e-02,-2.489391727638361543e-02,3.151749191073774381e-02,1.241057834710857233e-01,-1.123120820763090638e-01,2.518078924599958732e-02,1.440491957620461567e-02
3.435816053487095872e-02,-1.824081121562702232e-02,5.287888421651736059e-02,-1.010353677531392463e-01,8.101616503688276183e-02,-5.214838384633685431e-02,-3.701555119472344640e-02,-4.729155621442813345e-02,1.548016800093602804e-02,5.547084587345701284e-02
1.124749624721375907e-01,-3.138276754146440348e-03,1.370638767476841172e-02,-2.909754591069823801e-02,-1.312610145691293743e-02,6.852123700500828418e-02,8.242822031778918035e-02,4.827660760861049449e-02,8.800860326288048596e-02,1.010178121899468484e-01
-4.019258989132128840e-02,-7.335771164543679335e-02,-1.440174228671624312e-01,1.999881892919863928e-04,3.945615002732687226e-02,7.097837901078244872e-06,-1.790392333296343397e-01,-1.140102244402380893e-01,-6.943016171931024050e-02,6.640213848695196430e-02
2.548888367167554195e-02,-1.053304239823572297e-01,2.727385794930515389e-02,-7.400594001977170433e-02,4.594566817563419323e-03,5.822626656849835131e-02,9.512902538678341680e-03,-8.135849274736765835e-02,7.990434093776543900e-02,-7.576756677145007890e-02
7.027563743140778640e-02,-2.870074179322414099e-02,-1.370518318467505228e-02,9.009370837185223108e-03,3.294609066021666338e-02,1.117289853977871256e-01,-2.815505545971315818e-02,-5.109808115147543989e-02,1.216881943544337735e-01,7.154123101694729973e-03
1.935921310916788665e-02,1.157135049075849742e-01,8.444954513519795092e-02,-2.348681759745635533e-02,-2.233875266383084437e-02,-3.255158074645148752e-02,1.146563695654543094e-02,4.341756219680364959e-02,-5.539189891228056550e-02,-1.741639622701686985e-01
-1.319475429670353972e-02,-8.860503912209737043e-02,-7.749109444507966404e-02,1.443853836575388627e-01,5.527840205997545248e-02,-7.814152403674216874e-02,4.831752912145347890e-03,-2.858106698525168105e-02,-5.600743752814327236e-02,2.403688050007308803e-03
-4.386813728047737893e-02,-1.149447740371013424e-02,3.160998693110843305e-02,1.374829987723509041e-02,-2.497720334796415392e-02,-4.705108240136366554e-02,5.859783561748981712e-02,-4.260547638533569020e-02,2.640251022760993840e-02,9.398944678650773821e-02
1.008909447368657730e-01,2.293809871956823537e-03,2.140424508000412715e-02,-4.798671623593444430e-02,3.962769243186809592e-02,8.674956287914489805e-02,2.951135358991554061e-02,-4.141982097658131884e-02,8.834427792200202911e-02,-4.346703077953079780e-02
-3.081743850811310970e-02,-3.166016977972583440e-02,-9.916487922377087427e-02,-4.313942943299741567e-02,7.986071892824309071e-02,5.381457080839617546e-02,1.450671727383676390e-01,-9.652624086448836904e-02,3.918138846613503090e-02,-1.467023885228565215e-02
8.712826468565211535e-02,1.311975202325098011e-01,4.272235577704248943e-02,-8.559151126150510436e-02,-1.003051980095557016e-01,-1.029643835771725142e-02,-6.045760069407181414e-02,2.168658887215320352e-02,4.980955684411208367e-02,-4.144195930398480304e-03
7.020818605934749101e-02,-2.097607856811546656e-02,2.280966306598415649e-02,-9.888411105554760841e-03,-6.853717270467674094e-02,6.697342974528191660e-04,2.976210373839902404e-02,-1.326743232384916538e-01,-1.775523297614829341e-02,-4.439575824977023272e-02
1.649856222701586161e-01,-5.405223624968284735e-02,-8.389434525267794318e-02,4.678251829552436403e-02,1.809068047803302076e-02,4.534562038853796927e-04,-8.352583562542592599e-02,4.307171918081482975e-02,-2.973322187346595646e-02,-3.686277211445072172e-02
1.005593407753423672e-02,5.859499369458201663e-03,5.618674237737250610e-02,-3.707202297250524609e-02,-3.163414465413414561e-02,-1.162401274459759631e-01,5.976773677917376210e-02,3.989348016533283969e-02,-1.963961621138701485e-01,-7.599308415282308993e-02
7.358796643756840283e-02,6.250936919009347781e-02,3.232473072347814402e-03,-8.385569191818782742e-02,1.747650614639389630e-02,7.158413555142954798e-02,2.297244853593483072e-02,4.702816090078038198e-03,1.046422433234613265e-02,-7.156205238638603527e-02
-5.044463805623048552e-02,-1.985688535669584143e-01,-3.647738269188974952e-02,-2.017262978361322387e-02,3.196412246067262090e-03,-3.068424304825528512e-02,3.946832535414627335e-02,-1.855770709806485105e-02,-6.618246676834137719e-03,9.534695545513573178e-02
8.300868773745691265e-02,-4.948963600321321099e-02,7.416335504713708789e-03,6.566191471192783791e-02,3.191782452534400877e-02,1.274827282741351209e-01,-2.823575558917164330e-02,3.886654488667427854e-02,-8.196163462380330611e-02,-1.201421781268771360e-01
-6.595021710127592363e-02,7.605520837100857023e-02,2.113525163319879274e-02,1.277297912047067018e-02,-1.459591480884115666e-01,8.738717121075826461e-03,-9.065433136829725846e-02,-2.017700954756342785e-02,1.312096652647545547e-01,9.089005357873556137e-03
9.968324909955267321e-02,-1.518509142137202533e-02,-6.259451784903152793e-02,6.022614525205921554e-02,8.765569354956431747e-02,-3.634907231900592200e-02,8.396626348660704564e-02,3.878179563613741443e-02,-4.374115748515457550e-03,-2.517113111114535270e-02
1.391635889289229711e-01,-8.787278471552799342e-03,-1.145646260699701852e-01,8.080442623896308407e-02,6.313782481679529324e-02,-6.216236295021824315e-02,-9.844756902258670894e-02,6.231527516939310701e-02,1.266234979271631082e-02,-1.039834367960547623e-01
-2.036323102463682977e-02,-9.286974941928569094e-02,-7.513098709111014351e-02,1.918149632721409883e-02,-2.053291232995976129e-02,4.298756031207977973e-02,2.506480601754077289e-03,1.370591842199951338e-01,1.250864421523997447e-02,-1.595173426242924020e-02
-1.583110246704797419e-03,-5.356036616196124291e-03,1.481314920589769657e-01,-1.874383269738550198e-02,8.432131932522198003e-02,-2.241763071893549536e-02,-5.585416621981594693e-02,8.803121696018943731e-02,2.548323325829992061e-02,3.888928054851241434e-02
5.458465273554415076e-02,5.318528585387839042e-02,-4.030009397429279439e-02,1.121334472090690371e-01,-6.490520016129391889e-02,-1.880565244170370395e-02,-1.067419536252800089e-01,-7.772777265720626216e-02,-2.461565600397227355e-03,-6.396444327540976027e-02
1.591905606641318138e-02,-2.335290876886296149e-02,3.712352423831952186e-02,-4.302883989454506924e-02,3.868351809918816470e-02,3.309881896402147583e-02,-5.450506356563799247e-03,2.107181914406068557e-02,-8.489157480028931835e-02,-2.065376254513301424e-02
7.057101553917004277e-02,5.815093442934369389e-02,-1.003200619728129711e-01,2.512842127041359230e-02,1.720761680476657063e-01,-8.057880190960498012e-02,-3.712607796832401164e-02,1.258697330912947332e-01,-1.040771116254492028e-02,3.797640384257861684e-02
-5.389561204893579538e-02,5.847921969280537452e-02,2.216511139784167056e-02,-6.919631667163701760e-02,-3.148224689936715559e-02,1.941259407994510092e-02,6.713769517825646238e-02,4.705117086469554066e-02,-1.674030324447354709e-02,-2.368668011514991206e-02
8.177864035920084929e-02,-7.542132010016099064e-02,-1.529345076766430549e-02,-2.199954231499385432e-02,-1.242684868156045119e-01,6.936657689815595162e-02,1.414988147879889073e-02,-1.303139690807505469e-01,-2.195309738070140224e-02,4.407421123234456228e-02
2.673208276895640279e-02,-6.174444091905666870e-02,3.198173776701486448e-02,5.808935655136423376e-02,2.051919055923059898e-02,-5.489884819762574225e-02,6.988913799041028552e-02,-4.807931967439452170e-02,3.652391114796282173e-02,1.993944751185659781e-02
3.205394499908412187e-02,9.453901838654427126e-02,1.439375488621905813e-02,1.108764832502514425e-01,-1.428914749047377475e-01,2.994810565917572359e-02,1.054903419848459700e-01,5.360498510724899524e-02,-2.166719549016298332e-02,1.713642116348391975e-02
-1.979671842913121108e-02,3.926495999793289116e-02,-9.684066445527769046e-03,4.128298912864947212e-02,3.896046886297122036e-02,1.296083976251640943e-02,2.678057717092368738e-03,-6.019565678000702615e-04,-9.183414427827187032e-02,1.173358546771366140e-01
-2.754782852798725798e-02,-2.964772787665801920e-02,3.340428668242940990e-02,1.600716515529728157e-01,-1.949774420816562451e-02,-3.305076759826006128e-02,-1.292512896884522554e-02,2.356672509640803451e-02,-1.015383112409454780e-01,4.870908522985759742e-02
-2.039371903533573546e-02,-7.247755128158651916e-02,-3.639070269564661370e-02,-7.999523318253046189e-02,6.735807312675991254e-02,-6.015963926616628432e-02,5.630418953415587680e-02,-1.425641248357710153e-02,-1.176252945387494808e-01,3.819890393830430858e-02
-9.374152490702970797e-02,-9.990949651046227009e-02,-6.766774379386107652e-02,3.594692419668252259e-02,7.057460216476374448e-02,8.753424053673164451e-02,5.095822928256533990e-02,-5.699535448037426622e-02,5.547317745701812325e-03,1.592505053005538462e-02
-3.720516676312201482e-02,2.174512174461434855e-02,1.200252593769226966e-01,2.625426490911655572e-02,4.176293756817647806e-03,6.511404362839619264e-02,8.010189862321681967e-03,-3.229542373067340044e-02,-1.122374991607873601e-01,1.381597873459441961e-01
1.075334087065746014e-01,5.402743743553223288e-02,1.068809030420900807e-01,-3.695353164978476546e-02,-2.062822283133751433e-02,6.032936434684331439e-02,6.229804529520700102e-02,-9.481909648174252636e-02,-2.434988345098293774e-02,1.276837848878837299e-02
4.901382894372230403e-02,-1.226030273835451712e-01,-4.981258361707698035e-02,-1.208638328043938892e-01,1.177097576208145091e-01,8.594787110846281719e-02,-1.292206554567339738e-01,1.533168005291873611e-03,2.465908957577768804e-02,3.287022479848332457e-02
-6.180085850524224406e-02,6.035127536972931250e-02,2.511268520819600128e-02,-6.447378388012769967e-02,-3.931951251496309391e-02,-3.942108508683453590e-03,-1.242089431167935076e-01,3.919036334830542506e-02,7.786258925120871643e-02,9.136973197890035925e-02
3.033291451057284691e-02,-1.492696653736716624e-02,-7.924150268264719410e-02,4.245568698245066191e-02,1.697696632638783995e-02,5.641325148791510868e-02,1.001667988434144785e-01,-9.599726447560752440e-02,-4.623734627653915824e-02,-7.409994907631387018e-02
5.216624816535250092e-02,-8.630838712569424698e-02,-6.399509575843595477e-02,7.551939150873734907e-02,8.216065558960165827e-02,-1.557519475592684770e-02,1.261013659484782612e-01,-1.641639404872613506e-01,5.848166923820567742e-02,-1.769290077452623233e-02
-1.887243859013284153e-03,2.348573673452140909e-02,-6.864846319907307037e-02,8.262361660945233277e-02,2.093180755837578677e-02,1.071963696119696274e-01,-1.677721219704855424e-02,-1.659471097453242283e-01,-1.479738146446392746e-02,4.047347888599727578e-02
3.148343909039073157e-02,2.450507893597237211e-02,-1.612322330442464077e-02,-1.258147821741071315e-01,1.095158578606992561e-01,3.234805415987135335e-02,1.058023372599583255e-02,-7.645804567146307316e-03,-8.558770359946229339e-03,3.764365343224283789e-02
-8.653400054632993943e-02,-1.097304159148643210e-01,-1.205673868010812000e-02,-3.581451324115738494e-02,4.635885494727414596e-03,-4.504663528560303581e-02,7.032852874551076550e-02,-3.417866742482606607e-02,-4.817267824175135854e-02,3.559887972245726756e-02
2.303971115718929721e-02,-8.758690941780256090e-02,1.137207081591590577e-02,-2.172723343613045671e-02,2.307592399632174204e-02,4.547878138000028408e-02,-1.075671942835394884e-01,7.223460216621258034e-02,1.659113497703977938e-02,-9.048055569540550125e-02
6.643884080012310567e-02,4.628563413497374657e-02,4.851571429433736843e-02,-2.464594887411647450e-02,2.379163833704601126e-03,2.191455998025133509e-02,-2.141868479376609485e-02,-3.240122947664013375e-02,4.072353464329594303e-02,-1.631780253754748847e-02
-3.336497732001146577e-02,-3.652404326706229498e-02,-4.189557040374619623e-02,1.958559834577794020e-02,7.818057387160437521e-02,-7.634820435645494350e-04,6.596813674563613283e-02,4.232488474384205751e-02,-1.030573152566280765e-01,5.348929086871979238e-02
3.577040565933154587e-02,-3.917358583009381001e-02,1.155906346534815859e-01,-4.483117686784179184e-02,1.124398189575876728e-01,3.817329006457072932e-02,3.453094947298207540e-02,3.381919030748450905e-02,-1.450096739175793861e-02,-1.199955920548495952e-01
1.042846847605490429e-01,-6.295620055437924079e-02,1.009763250973060543e-02,-1.636757248044528115e-02,-1.554597178962077546e-02,1.004117914993093441e-01,2.418241272549117096e-02,4.758714469121388263e-03,-9.365805200401176173e-03,-5.610012683626448143e-02
-9.320469702134194512e-02,2.582014245877000888e-02,-2.154148656256573979e-01,-4.349764271208697575e-02,5.513190717731585033e-02,-4.403343438177407219e-03,-1.175614211518781309e-02,4.173699005649273916e-03,5.197994303452910941e-02,6.370173509271337409e-02
-2.784851781550265123e-02,1.544209375476967017e-01,4.808631903390257409e-03,5.703640946484832275e-02,8.904687819387956116e-02,7.439593776485815824e-02,1.570001586463212750e-01,2.069030046495825767e-03,-5.395939370417601050e-02,4.117002566727234053e-02
-3.071958017572604029e-03,5.057567868297101546e-03,-8.914810718872263895e-02,1.049065781862565105e-01,1.507796383209397684e-02,1.716128691155570374e-02,2.716252973694740450e-03,3.895798765354200471e-02,1.796956678743655972e-02,2.416806057244586317e-02
-1.039770437761315322e-02,8.112019047412703798e-02,7.298262575820557707e-02,5.775046374169300056e-02,-7.444291148599535557e-02,5.553647552961644279e-02,-3.686484882832874368e-03,-8.600480157486113317e-03,-3.554831196259949921e-02,-4.862884143993901481e-02
-4.022126882978824952e-02,3.112236482898751710e-02,-3.027241879294108318e-02,4.119821089942462405e-02,-1.439411896416704570e-02,3.590477030160559024e-02,-1.396159232294640409e-02,-8.760140900484982007e-02,1.635425237839451939e-03,3.518607166145813064e-02
4.032088529132103749e-02,-1.052166057047813214e-01,1.682493812272797817e-01,5.298840660116174023e-02,-4.879962604815011457e-02,2.586112875205416606e-02,7.851767501631268242e-02,-2.109905333629721880e-02,8.312981240450229015e-02,2.010823929135967074e-03
4.800345674741450519e-02,-2.631922542930205389e-02,3.811255998988016813e-02,-2.376984504900766723e-02,8.389944913075819688e-02,-6.829370613432898807e-02,3.341075675701873221e-02,1.014518340791833728e-01,2.656832964640768596e-02,-1.048515741730835782e-01
-9.523222639658648556e-03,7.799316007184568409e-04,-5.823515794866618300e-04,6.423006963278130033e-02,4.994095436389198693e-03,1.411446824052369764e-01,-1.169301133979325780e-01,-9.057678420934722752e-02,4.580604486741249315e-02,2.447925800322882720e-02
1.573408936046087614e-02,-1.223811339531895304e-01,-1.636710548237432089e-02,1.228346613744874388e-01,-1.995911348622591078e-02,-4.456071460087249365e-03,9.736321767100260260e-02,-3.394358596467519223e-02,1.078629928514840547e-01,3.359120243122672850e-02
-4.325683029450861500e-02,-3.246719908687444728e-02,-1.240445061243882451e-02,5.129295221930099680e-02,-1.709540319110134168e-02,-6.073669806168411484e-02,-2.355540581696762004e-02,-5.269282709611552290e-02,-3.219138851300053228e-02,-1.158217444414746770e-02
-1.066898697746751848e-02,8.536172557174209405e-03,3.006552479404490247e-02,1.024659631859957572e-02,-6.743925841127318410e-02,1.680619445184614383e-02,-1.125145464271648799e-01,2.412539208862940834e-02,-6.985576185185621290e-02,-3.070070709952414656e-02
-5.463840340331731216e-02,-7.151030241462055272e-03,-2.437089750745695671e-01,1.975485802408633376e-02,-4.555307658075519878e-02,-3.892951804837960217e-02,-9.898035049646235206e-02,-3.826095064876201129e-02,-2.216315285369992345e-03,1.340009781188437367e-02
3.260927258372246090e-02,-1.272824057131893838e-01,-7.590299212582922450e-02,-8.320500369555178244e-02,-3.392270264692970327e-02,8.694507463627051957e-02,-1.718177832518911433e-03,-9.362802536244602125e-02,2.882336242864025691e-02,-2.010236282355130910e-02
1.512365965719734140e-01,-5.169200428567229111e-02,-1.110923380842395586e-01,-1.615946402860841402e-01,-4.283054732481341581e-02,8.965019504830591679e-03,-4.216440348292768703e-02,3.725009066044056294e-02,-5.052461616638113245e-02,-8.591164485407100371e-02
-1.508548071375594712e-01,1.842835552976283126e-02,1.103668517024896240e-01,4.737878213030077834e-02,2.642682620585218647e-02,-9.100728356990774384e-03,3.501353191399950854e-02,-8.623606001064337834e-02,9.201097857390796997e-02,2.683494524573808160e-02
-1.527274865658664049e-01,-3.308774981235713258e-02,-9.603476753655139711e-03,1.143464904887066952e-01,-1.594194948235504172e-02,-5.570921924319351473e-03,-7.928149214447755000e-02,2.837106575142565520e-02,-2.220924886820652838e-02,1.916291493126812823e-02
-3.417785478505549340e-02,-9.364806814239511057e-02,-5.334510105566724059e-02,3.769110388464812222e-02,5.716963441895256404e-02,-1.867527961873748435e-02,-1.000831856385144686e-01,5.525522953985179120e-02,6.404998554704179579e-03,9.555777404693875654e-02
9.348665296285746384e-02,9.183050456724843602e-02,9.257813039490858653e-02,9.457215050144196500e-02,5.391904220380436263e-02,1.202735079222094494e-01,-2.935192982769900191e-02,-6.277059246328924036e-02,3.954101099665188052e-02,4.947900901271644336e-02
-4.790028373389890182e-02,4.183450037847499109e-02,-3.544074339319480856e-03,1.124335602014671538e-02,1.219919024267706043e-01,6.482725100903506676e-02,5.920317055782956667e-02,-6.512745234910338049e-04,1.702341106546214483e-02,-1.821877226483664333e-02
-1.071213164851122918e-01,8.556011636249560848e-02,-3.169682812256314347e-02,-9.589209353314456785e-02,-7.376065487970143164e-02,-3.249504324322136789e-02,-1.930090268908849216e-01,4.158332407524619606e-02,1.258588294628465616e-02,1.072403849100663498e-01
3.273483523175008732e-03,4.065134228390606536e-02,4.892986007886676592e-02,-1.249595330531329124e-01,1.154231166156373216e-02,-1.055360387007223772e-03,-1.186776258691969871e-01,1.410689249032121180e-02,-3.036369147792790379e-02,9.922890447529507385e-02
1.819890624010399652e-02,-1.500414567884134631e-01,-1.755073924374139088e-02,-8.301012087632485270e-02,-7.004992176709426421e-02,1.173024218974599436e-01,-1.024072948233323566e-01,7.121143254734363381e-02,1.412379462670323160e-01,-1.039392069891229876e-02
1.872500322960160600e-03,2.967247409051785786e-02,1.423159485987894775e-02,-8.536588382308486767e-02,8.956334299757780226e-02,-2.437933260874043662e-02,3.586523665651103476e-02,1.406908467150485773e-02,8.170510303799062568e-02,8.803344902827135721e-02
1.159968305868189636e-01,-2.247644824065373262e-02,-1.409138830216963567e-01,-1.539730886705442114e-01,-8.326763726794431109e-02,-3.253830103003226004e-02,-2.000347124194182952e-02,5.024573980898723591e-02,8.210747848763304269e-02,7.867182987830308172e-02
2.680101655498588406e-02,1.356418570064493456e-01,-8.865641294923404248e-02,-1.371543272251009304e-03,-9.978801964694751503e-02,1.486060041966212886e-01,4.567740918526557586e-02,3.215059691607233955e-02,5.045175956007665746e-02,-4.665348345294335203e-02
6.187805960978763793e-03,1.510790876231531826e-02,6.101547327440721979e-02,5.962265677472612657e-02,4.015512002968926741e-02,1.098348791241989947e-01,6.759634407841945414e-02,-5.825969001884209741e-02,-1.543977442730902830e-02,1.336757508670084922e-02
1.111624737123857593e-01,1.058599538678972884e-01,-9.397846198399131823e-02,3.337786764667312334e-02,-3.552302728906567286e-02,-7.030720720756343523e-02,-7.983332870742836096e-02,-1.088870197326276823e-01,6.014825835673393017e-02,4.751895829671068383e-02
1.648403168748838188e-02,-2.802369844573679436e-02,-3.748662517804033506e-02,-1.236603798649963878e-02,7.195292379255191495e-02,-1.915979200572874228e-02,-8.140033670100203789e-02,1.188887871545113994e-01,4.581167092996782375e-02,1.207712057956398383e-01
5.624341656188381992e-03,1.569082656380674711e-03,1.565198315597284007e-02,1.664607343100095102e-02,-9.957259414990912716e-03,1.463067146105162530e-02,3.788263032203712660e-02,-5.819017412132921480e-02,3.634231430502722626e-02,1.924180833448416172e-02
-1.341071560692879208e-02,-4.692738111267608092e-03,-7.019456562575158987e-02,4.934429439080353919e-02,4.238136655245983847e-02,4.500794588546490338e-02,6.856917843601989179e-03,2.313257606193701299e-02,-9.351742454293653084e-02,-2.130351335871287777e-01
-1.447576544593542382e-02,7.072942475675500495e-02,-2.681482703800820017e-02,-1.536307427516810965e-02,-4.106551001001477325e-02,-1.069886123311685894e-01,-2.843365806312220245e-02,3.504729586243164607e-02,1.066188993653913175e-01,-6.366933206673923429e-02
-4.308762476587235657e-02,-9.753917340729667540e-02,-1.167272524929817978e-01,-5.122105255096313925e-02,-4.173512402845991343e-02,1.134494159619785052e-02,-8.222661089449403993e-02,1.805748884949944649e-02,-3.046496950521919780e-02,4.017744473813177758e-02
-3.664351851821304878e-02,1.837444023400437720e-02,5.638207016527393284e-02,-7.392100845308514911e-02,7.547856204490790977e-02,-1.156913884805225445e-01,4.775196779480019027e-02,6.666512932936144442e-02,7.052377936220137478e-02,-7.149291345114205942e-02
-5.591986226337297000e-02,4.124764503753283740e-02,9.129220234741578996e-03,-2.329734498057135783e-02,-8.379899516591614306e-02,7.380464342537720879e-02,-7.668142311503589603e-02,-9.751877849934650899e-02,2.826960447987562561e-02,5.103786780177596571e-02
2.531733038083626083e-02,1.483795429308872732e-03,-1.038568901340629902e-01,5.322701031681979777e-02,2.289238114772028931e-01,-9.552987064014374294e-03,3.632453850230763642e-02,1.074057408657706249e-02,-1.005008196535178699e-01,-6.181588791198427274e-02
2.299042295316740259e-02,-1.810122158641682896e-02,-3.806373936299895303e-03,2.129463368492189729e-02,2.445681713180938854e-02,-2.833244871346694144e-02,-1.448397199743147734e-01,-1.146706758166588045e-03,-6.920739155954716559e-03,3.952482888259748611e-02
-7.173228259953330632e-02,-1.067462607531435024e-03,9.297778985642312158e-03,-3.950843092029494852e-02,-5.192443875035990947e-02,-3.461613810228265117e-04,1.166987158593829448e-02,-5.226672231627293649e-03,6.764731413752098077e-02,2.127200348687065951e-02
1.366665300681632611e-01,3.697649444485123088e-02,1.164725084518204584e-01,-2.193622606960985225e-02,-5.268170082791819031e-02,-1.945127677025414864e-02,7.622081754219402205e-02,7.865418100152487754e-03,-2.561680197877510418e-02,-5.306368078479042601e-04
6.310808163215468614e-02,-1.037942464211353000e-01,2.871729803377532850e-02,-7.827511009132282274e-03,-7.708355156195352553e-02,-5.002662217769257569e-02,-9.213653409065398342e-03,-1.908997225528731856e-01,-3.581280387264283022e-02,6.128701381692890082e-02
-1.822792245382047829e-02,-1.262624385645393608e-02,4.933639185729352117e-02,2.387451976701443143e-02,8.476872084796197027e-02,-1.010810308310109429e-01,1.596329865468737452e-02,-6.292425680228010132e-02,-2.405636212783873393e-02,-5.493459066495984082e-03
4.510372535280328388e-02,4.597746083966022107e-02,-6.940460720313144927e-02,-3.392410046396952122e-02,9.857303548041958241e-02,-3.910718690146985921e-02,-4.152879096036701800e-02,2.924185731090779561e-02,-1.064976686061358813e-01,4.024883339124584597e-02
-9.206927591078523099e-02,8.457584471987626695e-02,-2.026772898705185913e-02,-8.433654643979980603e-02,5.320949553307208202e-02,9.038070880745803504e-02,-1.851220251090018518e-02,1.050166736306703576e-02,5.432251890654769128e-02,5.856297236053285143e-02
-1.134710448502557201e-01,8.477219718762057932e-02,-8.589890450478704365e-02,1.862106025161044676e-01,-1.779779105222633814e-02,-6.013328295247145905e-02,-1.213122897142866474e-01,1.182553423647717504e-02,8.970974074705277690e-02,9.671258677822082428e-02
-7.451264620152901752e-02,-3.353533763822950237e-02,2.867109693385082661e-02,-1.619171271720886221e-02,-4.871871745343427096e-02,-2.379789458266414956e-02,-1.077251022600768209e-02,4.013072535494494573e-03,-9.512537089379147215e-02,-2.588598239033809700e-02
-1.337860727526787585e-01,2.029199247598058135e-03,-1.374933873162785362e-02,7.141138788622038158e-02,1.584362066560887974e-02,7.162094346124001087e-02,8.473884182244663041e-03,1.989049429610835126e-02,-2.377387531037346985e-02,-3.438244504266411983e-02
2.172220207138329529e-01,9.398489645022872763e-02,-7.868737336302283891e-02,3.869806440819213017e-02,1.293027054501324213e-01,5.093817824241433923e-02,3.873518228508022240e-03,-8.851261486391756583e-02,-8.164168774186528546e-03,7.746250519468217671e-04
-8.783731777756906972e-03,-1.010036861695964849e-01,1.140146761226113470e-01,1.496512963903562192e-03,-3.636149305019933942e-02,-3.901790296146632336e-02,8.337750743397305542e-02,5.751539499951034001e-02,-5.237967434541396933e-02,-2.783560583621778536e-02
5.941648265068084217e-02,-1.187011146078601094e-02,-7.737674107950838487e-02,2.448537105272173987e-03,6.046584777164484836e-02,-9.935252758200785461e-03,9.194649623047572787e-03,4.958832508678048291e-03,9.426775772013520904e-02,-4.163196989476750792e-02
4.733178123022756950e-02,-6.794391900020965713e-02,1.748990661494840421e-02,-3.057408320203288538e-02,2.029472979727980908e-02,1.420620903072763730e-01,9.588819654148969529e-02,-6.278383840640612557e-02,1.229874896763533398e-01,1.028236834775392572e-01
-1.307696849149647504e-02,-1.331532094063405391e-01,-4.555302276038332605e-03,-1.161824467233242009e-01,2.432247715796010366e-03,1.471539625565228548e-01,9.449861634103608188e-02,-8.746999839789322551e-02,-1.050527571179484532e-01,1.058815305852236349e-01
-2.681142222489522539e-03,-4.592662904296006265e-02,-1.442898451573705783e-02,1.012424931021662922e-01,8.227751991751794391e-02,-7.800230331126424901e-03,8.457480582138984793e-02,-3.222336484148270730e-02,6.523438017264485134e-02,-2.304867451259253949e-02
7.858926573292573936e-02,-5.664160010378710419e-02,-7.314329530044394456e-02,-1.368971149423684197e-01,-1.012390023390894317e-01,6.568090991081197705e-02,1.733565403876758185e-02,-3.959548214176438624e-02,-1.119643561314577207e-01,5.611835709694751317e-02
-1.101324021550556115e-01,2.526865449642539448e-03,7.384912779153372797e-02,9.769347923648975807e-02,-7.987401362831896348e-03,-2.778034879146604533e-02,1.002173808954761325e-01,-3.630250346864321437e-02,-2.957462894364953302e-03,-7.553492864313141042e-02
-3.556322107081407585e-02,6.491741435616121825e-02,-1.378450413796773223e-02,-9.193626942122154477e-02,3.154421658675765627e-02,-6.709953477012084444e-02,-7.412676362136469410e-02,-6.961026721170403275e-02,1.207551859310682790e-01,3.468068893046447748e-02
6.905130848451722370e-02,-7.122200260365737189e-03,-6.441022414339120372e-02,8.188136769632127498e-02,5.648483231599473603e-02,-1.512057984089729135e-01,-2.258434672925577896e-02,-6.057338191954436679e-02,4.820141755458363930e-02,4.492992080719888578e-03
2.695305866245870444e-02,3.126940961757441323e-02,2.774719157919010651e-02,1.608360845367515918e-02,-4.629571155642560332e-02,-5.375302300187939815e-03,1.547795162554771453e-01,1.128864935684862209e-01,-5.339426315079252167e-02,2.210586338613413498e-02
-5.871732364539138625e-03,-9.698443119932048662e-02,4.930388677884252335e-02,5.701507349368538369e-02,5.000836813960702482e-02,4.894657950152449949e-02,4.235419157839206972e-02,-2.486238673091894710e-02,-8.781896782107115329e-02,5.003980685021080371e-02
9.134872360092999299e-03,-1.200913429507003381e-02,-5.642896578739724223e-02,8.057894137590076999e-02,7.705243094792141659e-03,-5.020477890773772378e-02,1.292946395092333528e-02,7.262465018754123147e-02,-6.911943327125524839e-02,1.621769746275702334e-02
-2.898320096586588443e-02,-3.572706479398345125e-02,-5.216182827970768099e-02,1.092383400197236981e-01,2.249011048793555026e-02,-1.236754052969808032e-02,5.540982047757904427e-02,-2.863986079429017492e-02,5.161548767497636109e-02,3.860904241580864760e-02
-6.049407909900659380e-02,-6.889466162479318534e-02,-7.112375821918601182e-02,3.351854685683264539e-03,-5.170237866655772591e-02,1.116240090067840973e-01,3.136832013920591664e-03,-3.185622052897123246e-03,-1.087109882679329342e-01,-1.242422072658998927e-01
4.375288962592845804e-02,6.657618541571344584e-02,3.309354087181418103e-02,-6.385883638265817119e-02,1.452248370538736233e-01,-4.423633927507247821e-02,-1.113886942364487875e-01,5.717946471683098622e-03,6.117735588598455232e-02,-3.967360432037308343e-02
9.096168489372287447e-02,-3.568208968407995951e-03,-1.065255247202809147e-01,6.547363312618016684e-02,3.180596719680987144e-02,4.979378048364332260e-02,1.317908697102838748e-02,-6.706564502026113317e-02,-9.079154665938733715e-02,-3.951753514967317610e-03
1.048146394549927078e-02,8.367210118033582833e-03,9.347480173916229707e-02,6.397606781051512481e-02,-6.693349594554307003e-02,-4.342985313347627607e-02,-2.734365886088253178e-02,6.242032342692351715e-03,8.929419948258363049e-02,-9.118360264824192096e-02
-1.367707447529645584e-02,-8.156505675136421774e-02,1.130352423690767633e-01,-2.846173405022760922e-02,-4.206472750438501607e-02,9.249441070597261283e-03,-1.083537523240345711e-02,4.393651513409954634e-02,7.026667741851988502e-02,1.044796326535794573e-01
5.603027142638785513e-02,-9.683054457445292029e-02,1.466432566109898868e-02,1.158805046169760211e-01,4.941126600858473765e-03,-1.594910979608380464e-01,6.018068636250781950e-02,5.871700794341481316e-02,7.040953272428117360e-02,-1.428381534377410611e-01
-9.867094442547560962e-03,1.240769922792002156e-01,6.173263575832809574e-02,-3.409355233838669286e-02,-8.529231347540454367e-02,3.516778293992098894e-05,-3.711182479985521837e-02,-8.792085590079180835e-02,5.953974864931454308e-02,7.057056806420974882e-02
5.572985285758733781e-02,6.789926800565335152e-02,1.579323456905647877e-02,-4.046812767697251928e-02,1.502693054104799024e-02,6.611030127458535077e-02,6.854979829234825184e-02,-1.908399521546972136e-03,4.710450605773860294e-02,4.056375838009203781e-03
-8.478047683139733337e-02,4.392309516023239213e-02,5.556843763004199604e-02,-1.020482492758100282e-02,-1.654590045131858894e-02,-3.999971686129525500e-02,4.532694264919093219e-02,5.203534940185013287e-03,-4.449891089862625243e-02,-2.067405598824689425e-02
3.658166916070092894e-02,-9.188034855503622242e-03,8.850129715631249727e-02,-1.032046563225826608e-01,7.508601847503335036e-02,4.340748126699248144e-02,-7.964228908990117484e-02,2.653506796709933190e-03,-7.953608464982031556e-02,5.516173358684099692e-02
-1.737009557246342872e-01,1.207357463436829412e-02,-8.636143589848339908e-02,6.580158420601410485e-02,3.720149421228893111e-02,5.991752340456273085e-02,1.783559196246288156e-02,7.937534610434492446e-03,-6.059614404848937680e-02,2.252861134461763351e-02
4.715424073454259346e-02,1.280154963447529826e-01,7.967669301358464018e-02,-2.322297827940337026e-02,-1.002321720398548638e-01,2.193591718068521905e-04,-1.522969430185262645e-02,-2.270876521995758915e-02,1.199743925300012920e-01,-1.545005726266140099e-02
-5.980595863759007036e-02,-1.369852277253712780e-01,-1.081173433896474509e-02,-1.564464026293780480e-02,3.810568250524034445e-02,-7.273359182951519286e-02,-2.851397066153529836e-02,-4.764502189322707137e-02,6.866738991042221907e-02,9.345155902429230776e-02
-2.607416654577459844e-02,-4.414361712729437427e-03,4.982052222032331418e-02,-1.149044973539608133e-01,9.587154965535638063e-02,2.576787040324780495e-03,8.391514133741267978e-02,-4.952433848220823449e-03,-7.611672551842973977e-02,3.824074863816612907e-02
1.519747842844458019e-01,1.012275957884440636e-01,2.685667832384247555e-02,-5.852962668279190761e-02,-4.671922829032284889e-03,7.035944094749246869e-02,-1.330961242360153944e-02,3.009671697191564771e-02,-5.811403613546990699e-03,1.490333626858116600e-01
-5.544075805468410417e-02,-6.597456477406030140e-02,-5.795784953096932979e-02,2.762520341816730729e-02,-6.945332830426943771e-02,1.044679091590069164e-01,-1.366128384565015175e-01,3.702177774483937645e-02,1.902035609368943683e-02,-3.784585048756083925e-02
-2.551269202295716396e-02,6.119539208542208730e-02,-8.304952594706618840e-02,-2.846870869426852343e-02,-7.022585261729188955e-02,8.018700097859469966e-02,-2.609316661567126147e-02,9.177744384827506152e-02,1.625979925650496705e-01,1.318968080148894169e-02
5.688500575283431809e-02,-1.238267344825911831e-01,9.466600967866015126e-02,-8.296406741199356671e-02,1.324773325219079367e-02,4.814820898953125518e-03,-9.347713633472069794e-02,9.373520042005202557e-02,-1.057983427636949164e-01,5.415191277077232440e-02
1.290917240024618551e-01,4.004049222162130162e-02,7.885750272870241384e-02,-4.884265187196205199e-02,-5.758035303842456293e-02,-1.420803543275837577e-01,-1.655256147056496374e-01,-2.891224694976332263e-02,6.301054023625732303e-02,1.343013829326621666e-01
1.686628823864705752e-03,8.418633348796812632e-02,-9.150675735317619075e-02,-5.283363639589359895e-02,9.521086501044344341e-02,-1.016960741742045649e-01,5.594147905243300467e-02,-2.745910118172454825e-02,-1.103486875678132487e-02,-2.558383441050509927e-03
7.437553254567373651e-02,-9.938668869729657546e-03,1.749206745783708425e-02,-1.694997910412039122e-01,-6.768211300973527023e-03,-1.270545312200089261e-01,6.759221003842420805e-02,4.195209941984461011e-02,1.358278223115024774e-01,1.284435629843597160e-01
-2.993980036075857831e-02,-1.637809982975400869e-01,-1.392028861405610329e-01,-5.775017767938676189e-02,-3.004279699663602032e-02,1.071272175375802826e-01,1.043645581543900698e-02,-2.605506322454803053e-05,-8.729817448430371440e-02,2.888400662259277968e-02
2.858919275450988104e-02,9.033546732310489963e-03,2.197096835837216711e-01,-3.070190753457380239e-02,9.752572247136272535e-03,-1.997516029002005620e-03,-4.529367097328374642e-02,9.500947783934346469e-02,-2.396669780688847132e-02,-6.395426010735862088e-02
1.171047525402338016e-02,-1.265356037649892629e-01,-7.301082215806151132e-03,2.669056776089804781e-02,-4.278027292374012025e-02,-7.266214095509752890e-02,3.300921044724806908e-02,-3.742019672880438769e-02,-5.601303350848946261e-02,-5.223204151829811959e-02
4.503657294975067782e-02,-7.760933154266221046e-02,-1.439181726931200661e-03,4.036408981547307960e-04,6.564215663058629857e-02,6.032833749916933358e-02,-5.016827849084217611e-02,2.617039607334957843e-02,1.155493382769290645e-01,6.555591095490057030e-02
3.392741939423200848e-02,-9.698379106077388220e-03,1.088453841856200505e-01,-1.233726424725111771e-02,-2.886962198311827238e-02,1.030625203281912844e-01,8.044604279296653504e-02,-3.888260208580438665e-03,1.982618094841913647e-01,3.235186850289997057e-02
-7.811087438873436095e-02,-4.059136279841659561e-02,2.821621879557835444e-02,6.353382445322642777e-03,1.629910670079469381e-02,6.081827409498768988e-02,-2.203666401079164977e-02,-6.490825829979164630e-02,-9.038852340568279131e-02,-1.175831891391490580e-01
-2.691268420998266589e-02,7.583561604655172234e-03,-5.180386317750312192e-02,-3.009860367053326935e-02,4.603326126414913899e-02,-1.009383598475028232e-01,-8.572195922987699626e-03,1.325634176069641068e-01,-2.170332802057080637e-02,-3.009915737402345942e-02
-2.618595089399960128e-03,-9.689460298180686826e-02,9.524033859648525779e-02,-7.336700222101670554e-02,3.248975419305516477e-02,1.424847260598482643e-02,4.116043571566128240e-02,-3.141225103996597018e-02,5.788609805939970432e-02,-1.512396428181728980e-01
-7.945805727373474181e-02,1.040807296695180212e-01,7.164721349081902557e-02,-1.382088099551168070e-01,9.711115432167642669e-02,-3.529918570885342416e-03,3.501544449918436025e-02,5.403791909682521821e-02,-4.597015223340868845e-02,1.859492633345166679e-02
8.269280572243217775e-02,-1.886003904005812554e-02,-1.088094410384525396e-01,4.374454687528359087e-02,1.691745458310036504e-02,-6.930266320587911977e-02,1.142472554531467899e-01,7.641672727401667420e-02,1.635018262424918142e-02,6.240603107762747459e-02
